{
  "pools": [
    {
      "rolls": 1,
      "entries": [
        {
          "type": "item",
          "name": "maidensmerrymaking:present",
          "weight": 1,
          "functions": [
            {
              "function": "set_count",
              "count": 2
            }
          ]
        }
      ]
    },
    {
      "rolls":
        {
            "min": 3,
            "max": 5
        },
      "entries": [
        {
          "type": "item",
          "name": "maidensmerrymaking:stocking_christmas_cookie",
          "weight": 1,
          "functions": [
            {
              "function": "set_count",
              "count":
                {
                  "min": 4,
                  "max": 10
                }
            }
          ]
        },
        {
          "type": "item",
          "name": "maidensmerrymaking:candy_cane",
          "weight": 1,
          "functions": [
            {
              "function": "set_count",
              "count":
                {
                  "min": 4,
                  "max": 10
                }
            }
          ]
        },
        {
          "type": "item",
          "name": "maidensmerrymaking:gingerbread_cookie",
          "weight": 1,
          "functions": [
            {
              "function": "set_count",
              "count":
                {
                  "min": 4,
                  "max": 10
                }
            }
          ]
        },
        {
          "type": "item",
          "name": "maidensmerrymaking:tree_christmas_cookie",
          "weight": 1,
          "functions": [
            {
              "function": "set_count",
              "count":
                {
                  "min": 4,
                  "max": 10
                }
            }
          ]
        },
        {
          "type": "item",
          "name": "maidensmerrymaking:mitten_christmas_cookie",
          "weight": 1,
          "functions": [
            {
              "function": "set_count",
              "count":
                {
                  "min": 4,
                  "max": 10
                }
            }
          ]
        },
        {
          "type": "item",
          "name": "maidensmerrymaking:fudge",
          "weight": 1,
          "functions": [
            {
              "function": "set_count",
              "count":
                {
                  "min": 4,
                  "max": 10
                }
            }
          ]
        }
      ]
    }
  ]
}
